"Repo","Hash","HashPrefix","Bytes","RelativePath","ReferencePath"
"lauralex_dwm_lut","66418E172FB789D10E3F0EA4A7A443800F4550FE69161F67E81DE46FA78174C6","66418E172FB7","37221","lutdwm\dllmain.cpp","lauralex_dwm_lut\lutdwm\dllmain.cpp"
"hadoooooouken_dwm_lut_fps_boost","AB1F815592389D63B40FB1FBDC357B7644789267F7B9EA2DA25B61CB8E9A26A0","AB1F81559238","33759","lutdwm\dllmain.cpp","hadoooooouken_dwm_lut_fps_boost\lutdwm\dllmain.cpp"
"0x401gg_dwm_lut-windows-25h2","B6D9543EB01FDF671187779362EB4D45EFFAB1290569549EA95D33C756120D71","B6D9543EB01F","57375","lutdwm\dllmain.cpp","0x401gg_dwm_lut-windows-25h2\lutdwm\dllmain.cpp"
"10oo01sir_dwm_lut","BA9E67DC9C55AAD1897E5D3B2932D970935746FF12B3F4D7B86DAEFDC5C75A0F","BA9E67DC9C55","31138","dwm_lut.c","forks\10oo01sir_dwm_lut\dwm_lut.c"
"Adebeci_dwm_lut","BA9E67DC9C55AAD1897E5D3B2932D970935746FF12B3F4D7B86DAEFDC5C75A0F","BA9E67DC9C55","31138","dwm_lut.c","forks\Adebeci_dwm_lut\dwm_lut.c"
"chanceyans_dwm_lut","BA9E67DC9C55AAD1897E5D3B2932D970935746FF12B3F4D7B86DAEFDC5C75A0F","BA9E67DC9C55","31138","dwm_lut.c","forks\chanceyans_dwm_lut\dwm_lut.c"
"jmwangde3_dwm_lut","BA9E67DC9C55AAD1897E5D3B2932D970935746FF12B3F4D7B86DAEFDC5C75A0F","BA9E67DC9C55","31138","dwm_lut.c","forks\jmwangde3_dwm_lut\dwm_lut.c"
"kxrma0_dwm_lut","BA9E67DC9C55AAD1897E5D3B2932D970935746FF12B3F4D7B86DAEFDC5C75A0F","BA9E67DC9C55","31138","dwm_lut.c","forks\kxrma0_dwm_lut\dwm_lut.c"
"ledoge_dwm_lut","BA9E67DC9C55AAD1897E5D3B2932D970935746FF12B3F4D7B86DAEFDC5C75A0F","BA9E67DC9C55","31138","dwm_lut.c","ledoge_dwm_lut\dwm_lut.c"
"lllllllllllll5796_dwm_lut","BA9E67DC9C55AAD1897E5D3B2932D970935746FF12B3F4D7B86DAEFDC5C75A0F","BA9E67DC9C55","31138","dwm_lut.c","forks\lllllllllllll5796_dwm_lut\dwm_lut.c"
"miguelgomes971_dwm_lut","BA9E67DC9C55AAD1897E5D3B2932D970935746FF12B3F4D7B86DAEFDC5C75A0F","BA9E67DC9C55","31138","dwm_lut.c","forks\miguelgomes971_dwm_lut\dwm_lut.c"
"MonsterZelek_dwm_lut","BA9E67DC9C55AAD1897E5D3B2932D970935746FF12B3F4D7B86DAEFDC5C75A0F","BA9E67DC9C55","31138","dwm_lut.c","forks\MonsterZelek_dwm_lut\dwm_lut.c"
"novvely_dwm_lut","BA9E67DC9C55AAD1897E5D3B2932D970935746FF12B3F4D7B86DAEFDC5C75A0F","BA9E67DC9C55","31138","dwm_lut.c","forks\novvely_dwm_lut\dwm_lut.c"
"RobWilton3000_DwmLUTGUI-copy","BA9E67DC9C55AAD1897E5D3B2932D970935746FF12B3F4D7B86DAEFDC5C75A0F","BA9E67DC9C55","31138","dwm_lut.c","RobWilton3000_DwmLUTGUI-copy\dwm_lut.c"
"Tonyhzk_dwm_lut","BA9E67DC9C55AAD1897E5D3B2932D970935746FF12B3F4D7B86DAEFDC5C75A0F","BA9E67DC9C55","31138","dwm_lut.c","forks\Tonyhzk_dwm_lut\dwm_lut.c"
"toropovm_dwm_lut","BA9E67DC9C55AAD1897E5D3B2932D970935746FF12B3F4D7B86DAEFDC5C75A0F","BA9E67DC9C55","31138","dwm_lut.c","forks\toropovm_dwm_lut\dwm_lut.c"
"vilmire_dwm_lut","BA9E67DC9C55AAD1897E5D3B2932D970935746FF12B3F4D7B86DAEFDC5C75A0F","BA9E67DC9C55","31138","dwm_lut.c","forks\vilmire_dwm_lut\dwm_lut.c"
"ye-blue_dwm_lut","BA9E67DC9C55AAD1897E5D3B2932D970935746FF12B3F4D7B86DAEFDC5C75A0F","BA9E67DC9C55","31138","dwm_lut.c","forks\ye-blue_dwm_lut\dwm_lut.c"
"yuaom_dwm_lut","BA9E67DC9C55AAD1897E5D3B2932D970935746FF12B3F4D7B86DAEFDC5C75A0F","BA9E67DC9C55","31138","dwm_lut.c","forks\yuaom_dwm_lut\dwm_lut.c"
"ed1ii_dwm_lut_fixed","C0586787608A156D1E0C20C9BA43EC79D1837E883816F3C93ED7BE4AF4E7D3BE","C0586787608A","61731","lutdwm\dllmain.cpp","ed1ii_dwm_lut_fixed\lutdwm\dllmain.cpp"
"Windowscoder_dwm_lut","EC70960FE9418E3C7D0468F8A5F2BB486CB0F46342E00306384380BA7BAEE3C5","EC70960FE941","27195","dwm_lut.c","forks\Windowscoder_dwm_lut\dwm_lut.c"
